path,kind,current_sha256,pinned_sha256,relationship,current_compiled_non_windows,post_import_compiled_non_windows,disposition,notes
amd.c,c,4371df417e6890776e3c5f22de07133e484f58f806ccbd77be7ea500eaab98cf,572b09156242dffdf43616a40a221a67ab16ab1be2faaeb9099addf1304c741b,modified-common,yes,yes,merge-pinned-with-nr3-nr4,Start from pinned 2.10 and restore Nereus NR3/NR4 hooks.
amd.h,h,53d3aaef945c073b7302891fca8fbf66c0cb24b21b98b6b4b9e02dc86ab74f31,1df0254f7bdd6ec916b8f379a1ef219d9447889a7c76b931b558bc54ade12bf2,modified-common,no,no,merge-pinned-with-nr3-nr4,Start from pinned 2.10 and restore Nereus NR3/NR4 hooks.
ammod.c,c,c7593f3595341d0ef9a4a42d19e6a2f75b0b993a1e2fe0d344481ff5a9e78a16,c7593f3595341d0ef9a4a42d19e6a2f75b0b993a1e2fe0d344481ff5a9e78a16,identical,yes,yes,use-pinned-verbatim,
ammod.h,h,b6e92e02d5aa2cd15870db62f78e8a3ed6552b69ec2cd353c3e975d3d415a788,089cfa903d247c7578ca00d17538ef487b5c023626e44225091f268b25963f4e,modified-common,no,no,replace-with-pinned,
amsq.c,c,a9b2212bcd89f98e15ee0868140f916c05ae32e0645e1b193ff74673f1140fa3,a9b2212bcd89f98e15ee0868140f916c05ae32e0645e1b193ff74673f1140fa3,identical,yes,yes,use-pinned-verbatim,
amsq.h,h,7b63a761b323180b788e0df3abf55c72b815f0d3ad1119b433413667c423e1c8,a1c77d3731549647091e052a3e98f6f87db026db5f9af8d41fa364ed4c0aabcb,modified-common,no,no,replace-with-pinned,
analyzer.c,c,98a51f9721cd2ae6818800e1bf8f2718ef1ac502a90f3f7eee8016baddeedaac,98a51f9721cd2ae6818800e1bf8f2718ef1ac502a90f3f7eee8016baddeedaac,identical,yes,yes,use-pinned-verbatim,
analyzer.h,h,c5b50858fe799600cb7125fda17ec41db0ee1fa8d4ea21ba8a7d1a33a10197fe,82ff3278015ee2cccce8d64a95e1fe0f4289d52fcce34b25f61d5649c7968741,modified-common,no,no,replace-with-pinned,
anf.c,c,1555aeadb9946b1d3b37919d7e5ee745af714357de23181c3da851a2677ca343,28f6687bcc441a90a652d0a158b55d4c9191754d6c9243f994c03ab2dfdc05d2,modified-common,yes,yes,merge-pinned-with-nr3-nr4,Start from pinned 2.10 and restore Nereus NR3/NR4 hooks.
anf.h,h,129004c7370db60bb0ebb22e5cb3a6c616fb1cea23d81a17351709250ea09e2d,7eae85170adf737bbdb828e97650212a7b80cbf0457374240e4f06ed04113674,modified-common,no,no,merge-pinned-with-nr3-nr4,Start from pinned 2.10 and restore Nereus NR3/NR4 hooks.
anr.c,c,f961b96e16d2a816976d783feed446a77e6db9a29b2ad75ab2cffe00225b7083,1e65dddc3c352408c56dcb2ce8a33c1809aa88d396b86d532e4365a90e87037e,modified-common,yes,yes,merge-pinned-with-nr3-nr4,Start from pinned 2.10 and restore Nereus NR3/NR4 hooks.
anr.h,h,0d9ab50d63f722d9c3121da1ff4728f3d19f4b4545deff0ff229327a2afdc470,e1f3a26a606d24ea956a8a809253cdcc691c4ba863b1372a3263dc52494febd2,modified-common,no,no,merge-pinned-with-nr3-nr4,Start from pinned 2.10 and restore Nereus NR3/NR4 hooks.
apfshadow.c,c,75e9bba24f26706da043660228d94fa74852837bd7b5e63b348603b20bcd0fb1,75e9bba24f26706da043660228d94fa74852837bd7b5e63b348603b20bcd0fb1,identical,yes,yes,use-pinned-verbatim,
apfshadow.h,h,9f5ff49d012af538f792c58c25c749de2520944a1d5c081924a570ea722d174b,9f5ff49d012af538f792c58c25c749de2520944a1d5c081924a570ea722d174b,identical,no,no,use-pinned-verbatim,
bandpass.c,c,ca8e3def51279e7555ce82c475885e4c2fcbff8d60d9e8536fce0853f81b2fe0,162b6fe497d3543915f4f47a75eb72772cde56885891d75bb4a94bf147817507,modified-common,yes,yes,replace-with-pinned,
bandpass.h,h,5e33a45537ca66afeaf43d4f820b65d7c45b7f1e9334cb08f4b388b26e9f9f7c,f748fd6fa4a6b1dce7cc97aa0f71d569912c4e952e751b54e52a8e8761c5a194,modified-common,no,no,replace-with-pinned,
calcc.c,c,ffc9181f2acbd8e5d43bcb99e063f7bb1860ceb0364fdeeae016e660cdbf1e92,1aa8470294640e7109824db7cc41786a02e21a5f0b9cf54bbbcfaf2df190ab66,modified-common,yes,yes,replace-with-pinned,
calcc.h,h,ee6935a5f312de0bdb64a9205d03dee9a1a98633bec6935517041d230200e0be,ef650b2001ae6af647b3a542f5016de821621dd6974b238104de0fc9e7861338,modified-common,no,no,replace-with-pinned,
calculus.c,c,beca374cc83da93bc8708cbe3dfafa4e335e110e8c2444e836d2ba848ae54459,56bbbce61ddd3a850027c1953579cc6c1301edf1337e0c6180e082fbd3e34cf8,modified-common,yes,yes,replace-with-pinned,
calculus.h,h,dc4750171dc8a6dc6164963a0e13bc91c3233921040100b147643f67dfe71474,e9fa8dbf5db86f48765274bc28a05f4a2ed5719433f10730bfc9393b4341e58b,modified-common,no,no,replace-with-pinned,
cblock.c,c,280367f1901d168bf4d30404e8bd2d9be31db65945c9232d1395f232f63ad4da,f855e1a3b270d0b9c72889c21ea92326c96979e9ce50084119d2fd2f144c02f2,modified-common,yes,yes,replace-with-pinned,
cblock.h,h,6faea0eb1f9d98b973b4d0b164bc6ffd3596dabc5f090a01b3f8e8d1a4969c95,c33c40bbd899c6702c88f4e1735845bb1fa37c9412d373a55de4d3f3e1e19ad3,modified-common,no,no,replace-with-pinned,
cfcomp.c,c,3230f038e7ddb760c5a090155887f18d74e8b9b092fd11ff17cb8b69a369967b,209d5f4e740f29505b28c8428e5bdea761646bb8944cfa4a1b8eef9c8cfe878b,modified-common,yes,yes,merge-pinned-with-cfc-q-compat,Start from pinned split G/E NURBS design; preserve 7-argument Qg/Qe compatibility ABI and constructor defaults.
cfcomp.h,h,e97bf47bbc94bfcffaa6ad5f6c8716ab11e1a1e475fcf060bee17fccb5d98f6d,73e5a18014826bace9c57eedb5b6418aca05f1663f2bd74e696359cbb67ee4d4,modified-common,no,no,merge-pinned-with-cfc-q-compat,Start from pinned split G/E NURBS design; preserve 7-argument Qg/Qe compatibility ABI and constructor defaults.
cfir.c,c,59c68b91af5fe92a8a2d2211770eb881f55727e54b09f1400e13216be7ee9aa0,c922fb64b6ac1a4af4d88129403903305d3e08ecc957cc19c973c9f3c8671ec2,modified-common,yes,yes,replace-with-pinned,
cfir.h,h,cc0726b1f3a6d6aff6eb489a1f19d58d1580927d7864d8cf58f9ca69b1eb5990,dba24b8c4fc30dacf35b6b0d9f37ac322bd030f6958254ba422b44a38a0dd784,modified-common,no,no,replace-with-pinned,
channel.c,c,b7748d7bbda654cd33ac1b1b68d8669b5e9d47fde78cf3ea94c18bafd7d99395,b7748d7bbda654cd33ac1b1b68d8669b5e9d47fde78cf3ea94c18bafd7d99395,identical,yes,yes,use-pinned-verbatim,
channel.h,h,d9d7c3fce85dc022d7eed7918a22099689746a46f85b042554d13013e05f66c4,d9d7c3fce85dc022d7eed7918a22099689746a46f85b042554d13013e05f66c4,identical,no,no,use-pinned-verbatim,
cmath.c,c,c8d0d750eb0d8b3a78c1f7fe71cebc248cdd0c99069734f1b403c572a216fe7f,c8d0d750eb0d8b3a78c1f7fe71cebc248cdd0c99069734f1b403c572a216fe7f,identical,yes,yes,use-pinned-verbatim,
cmath.h,h,08da8c4ba5bc5a454d405484389288c2d513036bad199a7369576f993b75964e,08da8c4ba5bc5a454d405484389288c2d513036bad199a7369576f993b75964e,identical,no,no,use-pinned-verbatim,
comm.h,h,904bfa01b072947ac022f5a0e98979808d56e0da93e194ba8c8245692a919667,3c13e39d50da9cca015607858226687b49a98508a115fd4b5553bd7d88b7dc8e,modified-common,no,no,merge-pinned-with-nr3-nr4,Start from pinned 2.10 and restore Nereus NR3/NR4 hooks.
compress.c,c,e3c3b863f0e67f64daad5d39bd8374fcbaf0b0f7175e6b62f477ed5a5abe6fdb,e3c3b863f0e67f64daad5d39bd8374fcbaf0b0f7175e6b62f477ed5a5abe6fdb,identical,yes,yes,use-pinned-verbatim,
compress.h,h,96cbb5516030b3d44a3458e8f60e4edc7d71b7505f2c6ce0cf53eb07251b9ff5,865b9a046d4bafb477f0232b2a05e2444e3851e3ba839dbbe1cb2f43145bda8c,modified-common,no,no,replace-with-pinned,
delay.c,c,384003453c2296d567ce86463681d7a95f3e45aa118d0f66627a256d9ff0b73f,384003453c2296d567ce86463681d7a95f3e45aa118d0f66627a256d9ff0b73f,identical,yes,yes,use-pinned-verbatim,
delay.h,h,32c89168fc8f2b50611abfb8b81bff9bf17dbfefef12837124cc94b441daa97d,32c89168fc8f2b50611abfb8b81bff9bf17dbfefef12837124cc94b441daa97d,identical,no,no,use-pinned-verbatim,
dexp.c,c,e619db26a2188ebb79accf63e7754b35562196dec689b8f70209b08771e761e4,ad611183a54c397dd85faa0193099347f25bb30f4fe91beb0be9b4a29e668542,modified-common,yes,yes,replace-with-pinned,
dexp.h,h,2cf91c0b1836dd9cee53ffae27332f790561a89b69f50e0d25c28866f8b2cf92,6dcfca66ede935dae28e70bb5c82b0df08d3b1e3a4ec03f81f64267b62ec772b,modified-common,no,no,replace-with-pinned,
div.c,c,e366d2656d6b5514d709c0438ec58a43fd6e9a8133eda62bd3974c7147132d42,e366d2656d6b5514d709c0438ec58a43fd6e9a8133eda62bd3974c7147132d42,identical,yes,yes,use-pinned-verbatim,
div.h,h,9e907258ad1981a821eab09c251b19b02e3b9dc93bd5a12db45949ba51b25178,132d043e952199629e37263019b4f5e0313f97298b4092f74fe0005f2e1cc398,modified-common,no,no,replace-with-pinned,
doublepole.c,c,f3a2f82d86dc8213ffc9e725ebb1ad6dc3b281f349431f00f7fd185d7d90af85,464854db339c80b4563e877a96f2715b56e83db11e1358594a8732f213701e1d,modified-common,yes,yes,replace-with-pinned,
doublepole.h,h,d2a45286d823a41484f95fa7caa43ff0bf673f8ce27fcfab9ce08d3007b4589a,089dbecfbda2e8392b9f244709a2b5068be172e9d81e9e03e14080dc5358bc1f,modified-common,no,no,replace-with-pinned,
eer.c,c,753eb00cfd33856a0a514f160c46c4a57ee44055bc66a43c6c27888adbe303dd,753eb00cfd33856a0a514f160c46c4a57ee44055bc66a43c6c27888adbe303dd,identical,yes,yes,use-pinned-verbatim,
eer.h,h,54fa8c99316b060e3bd596cf4ca7bc2d6b9feb5e4cb57411f931543d38cc6e39,12df58ef0dcb0337f2f8e37b78f2fa48327fd4f4f25c200cdae75d69118f4f77,modified-common,no,no,replace-with-pinned,
emnr.c,c,6ae95b5793553a07cd7c2a438a27863a31aca58370d137457a2580554cd8b2da,755cfeadf3ca38d14505e49add19c8f26fd1d2537cbf5600dc0c2ee7904ed622,modified-common,yes,yes,merge-pinned-with-nr3-nr4,Start from pinned 2.10 and restore Nereus NR3/NR4 hooks.
emnr.h,h,32da86e9a2005c6f480596724a05f0c748960987ebdc1e988f3a6938b3e23bb7,50c8160a9d5384221b97de100e085193f03c15b5a3f5fe0233c83d4f35ec6d8b,modified-common,no,no,merge-pinned-with-nr3-nr4,Start from pinned 2.10 and restore Nereus NR3/NR4 hooks.
emph.c,c,e5543a3e0dcff60cc2fb2475207fca494ba9e5c2f2e37613c388fe8e7dea1a29,7ca631d8cd9033f950aaf1613825e273f6d0380d1fa1c7ed33ef0d53d379b72a,modified-common,yes,yes,replace-with-pinned,
emph.h,h,f6584d04313f6c49a0c9172fee6c5ce2cb00f59a5074904d1245f8af11206e0f,12b0b07d309f0ae407cd722364df8fe9aabf0812f016d151bf1840d409548349,modified-common,no,no,replace-with-pinned,
eq.c,c,0105298e00a1d29a7f915fde66977ffa0302506ff1549dc6983412bcd5944661,aadc4ad8a24343d9c9ff3f7a5273da2e510c7e4c8acb928fb0475b1d83499bb2,modified-common,yes,yes,replace-with-pinned,
eq.h,h,d5cff48cfdcd15a1af969ca7ba362bf512ce33babe16ccc8a60929411e137e7d,16bd1b04a93b9e05232c5ed8148ed2048358c65e08dbf1d019bb07d876ef36fb,modified-common,no,no,replace-with-pinned,
extrapolate.c,c,,98ea69552a0c4d4da35763c2cb8672cf63d6c434c18e0a8229a584b9b6ec1d1e,pinned-only,no,yes,import-pinned,
extrapolate.h,h,,87101069d8f39c5fc55c7a1c76a652694090ae3dcbdda291ced6f0e705c96642,pinned-only,no,no,import-pinned,
fastmath.h,h,e3b0c44298fc1c149afbf4c8996fb92427ae41e4649b934ca495991b7852b855,,current-only,no,no,remove-obsolete,No longer required by pinned 2.10; no remaining consumers after import.
fcurve.c,c,48e08fe3a75d5477532d759d722c660f7f801684cda1863a1eb34d8ab8769847,de11244faab06a545eab43ee528a6010c10d0f7c1380a5838cdab42404807c53,modified-common,yes,yes,replace-with-pinned,
fcurve.h,h,92639f057f130df771f346cb37ab8ddb6b05040fe316a72018e3f35dde853e2e,ac4a08a0afb4bbe55c554ae3b2425ad382c01c34a149a35b9308730b01653e30,modified-common,no,no,replace-with-pinned,
FDnoiseIQ.c,c,b72915edf5daa6e877955e6dc1831bbda8e46322cb4c0dbc9f41f7a3615067d7,,current-only,yes,no,remove-obsolete,No longer required by pinned 2.10; no remaining consumers after import.
FDnoiseIQ.h,h,154821fcf4b68d39032a6fbb2f3a1f91599758c08aa36ef762e8893b35522c59,,current-only,no,no,remove-obsolete,No longer required by pinned 2.10; no remaining consumers after import.
fftw3.h,h,f11188894095d031fff9a3cd733662f7139021dede5b08bf809b6b978a939c9c,e41d056a7b0f2da887d41d521f85eafeb1903274b9309cb1cac3d5a51f6fd762,modified-common,no,no,replace-with-pinned,
fir.c,c,a2c7d2dabeb86091459678f2066d62f617a32bd1c873479d9990e1e57cf6ecbf,4f4df1d4835273b59c16064ed11aacbf67e03957c6c97406f0d9d6d5645c0a98,modified-common,yes,yes,replace-with-pinned,
fir.h,h,3564ca1d715a735c1585997c3112905f57e7d91bc38764875babfee8487af45b,6be08c18c8302e59f323dab1c94692fef61b3331b1607761076646ce68348fd9,modified-common,no,no,replace-with-pinned,
firmin.c,c,8731a642f94c5718287148827f58e6edd3b8ebb20bf57496cb24e9d87d34e665,8d87d2410725ba6df549d69924e149149f9be6a755394431288382fb02d1eb30,modified-common,yes,yes,replace-with-pinned,
firmin.h,h,23f7ca726b91ba0d4af604dfa0eb8efc9e65f930779d5e48af3042eca0efd599,c01e6f71703a4fa5507098028732fcf794361b67284601dcce2f68f428e88890,modified-common,no,no,replace-with-pinned,
fmd.c,c,2f9547e6f4968751081cc5284c19b0e730b16c75dee217562a2fb0f557f2d751,578d830092907aaa40cecdb01fa0ebdc7bc19ad99e3e49ae635565c8b43c857b,modified-common,yes,yes,replace-with-pinned,
fmd.h,h,81b4cff5b511c54c70d2534022a3618d7c20cf731173348839a4a4d385d4221c,842fd8fec81bc363b42d5e067c770b87a8ed5ca54db9fa47a18284f5df773445,modified-common,no,no,replace-with-pinned,
fmmod.c,c,39270a18aee283e362afeb1f9ecb01e58105c8c965dc888e02f63093a6eb610b,a1dfb8c33b81887bf0572c0f481d03b2c84f5cf08722f26d6eb4696dd95977ec,modified-common,yes,yes,replace-with-pinned,
fmmod.h,h,5216fb6bb2722ea9203bf7a3dd2b4f6fd7830ee0cebc89489ad5fd21684d7019,65fe396ed6475e0d0286cca63de3c7c103c83e7010895250190ea5681e050102,modified-common,no,no,replace-with-pinned,
fmsq.c,c,df7497367b9d12734ba01f860b54126a8cbeb0ae28e014849d860e7be56a9cc0,1fa5d6abac81b8dc084fff023995b0193a6fc031b3854f7ad8305556b1594891,modified-common,yes,yes,replace-with-pinned,
fmsq.h,h,8ad5591cde9eddbfd2dd4d8de6869aa89c5f232d230a518a86e93ff27b4122c6,2efe3a2b6b359a1784a06a2d67f584e7c3296ff2175ac50c01a05b069568ce8d,modified-common,no,no,replace-with-pinned,
gain.c,c,167e4d0a9a2461dd16351f5bd088e6138dbc7573ed513050cf6794360a73014c,167e4d0a9a2461dd16351f5bd088e6138dbc7573ed513050cf6794360a73014c,identical,yes,yes,use-pinned-verbatim,
gain.h,h,6b562fb40b15229d11dc81a57fbeeac620a5c25565aa002120e1cdefb35ff67b,154d10a6543dac63567f79473994f9e7e89eb16e68cc3a1013f216411d857aca,modified-common,no,no,replace-with-pinned,
gaussian.c,c,0d8c2ce9caaeda927d26fbcbe2ce1fb927504b19e925b58b17ee5c854a409a5a,09efaceda93aa66bd8e33edb306cec568ba9bb8784eae0fe277c3c95685c5f8a,modified-common,yes,yes,replace-with-pinned,
gaussian.h,h,f34537e5947d8c44255f841cb5c30dd18889dd9c9d0d39815a4b10b0cce441ca,38fbebdf59928eea7fa5c4aaf7c6385167bea734c28012794f9c66ef53d58a66,modified-common,no,no,replace-with-pinned,
gen.c,c,6278573d159dcc3c2c05c5cae6874056fe5b5ecb7011f47d0c2392907adda731,6278573d159dcc3c2c05c5cae6874056fe5b5ecb7011f47d0c2392907adda731,identical,yes,yes,use-pinned-verbatim,
gen.h,h,7701740aab41d9a9614ba0b35e4a6c85e551519849ec98a6d391a75ac69640a0,7701740aab41d9a9614ba0b35e4a6c85e551519849ec98a6d391a75ac69640a0,identical,no,no,use-pinned-verbatim,
icfir.c,c,da94b287347c6029edff2a0e641be56b0ece0d0f6d62d168ae4045a9d5a38be6,3de5798f533fa074266f2be7a7f35604947d23c2e7706681ce81b63f47d0f62a,modified-common,yes,yes,replace-with-pinned,
icfir.h,h,ff6c214357bb494436570314a8a49d8557b1b5b746f6e8f238c5ee0ecca88039,d7806b884d39cb813dbba1f4acef14c9eb79fd70bc8f9f8511801713479bf895,modified-common,no,no,replace-with-pinned,
iir.c,c,6e81d728f5fd173ae851bccf2105915bedf5302aac2234bfadba95214a143fa9,0d3a4b3bc5b936d79378ba4c65f3d66fe9250f3ac812ab919fc946acb3b35a85,modified-common,yes,yes,replace-with-pinned,
iir.h,h,5bb4930d1367e82944ac7861e66f01efea7acd8aa4491eddf7fdf9accc02dc23,50de6e78d003184182e99db8f245e51959776d84e22e887b1479548a43058091,modified-common,no,no,replace-with-pinned,
impulse_cache.c,c,d750c516a6847dc2b759d4c01db440bab097dabe1db2df52d4ff075bef8b4dd1,d750c516a6847dc2b759d4c01db440bab097dabe1db2df52d4ff075bef8b4dd1,identical,yes,yes,use-pinned-verbatim,
impulse_cache.h,h,e295e8aaace15f5ef66486948747bd4bb141fe50feb03bf504e7ebe5e10ce902,be72a096e973441290d1e3cd960204b0a5bbc8779b5c4f373f7782d8b7e25dcc,modified-common,no,no,replace-with-pinned,
iobuffs.c,c,6d606a307577784245c5b14e7380bf8cb4ed9c25682a8997edfda69576f7a9df,6d606a307577784245c5b14e7380bf8cb4ed9c25682a8997edfda69576f7a9df,identical,yes,yes,use-pinned-verbatim,
iobuffs.h,h,6f12f646188ec13861a2e6964e673a187efadb5907257322b59eea3ae16c618c,6f12f646188ec13861a2e6964e673a187efadb5907257322b59eea3ae16c618c,identical,no,no,use-pinned-verbatim,
iqc.c,c,559517af3b1f0fd1812002b53a9eff82153e5f4a70a5a2cc8486393b90e37bf4,be84f36bebfa5bdc6da45ce25e1f5401429b8ecff8e2840464d49274a2caf47e,modified-common,yes,yes,replace-with-pinned,
iqc.h,h,ed5c169ddf86bd692b6b903716ad17ad57c4115919c1f839517a7ce1925d31d7,ca3c0ab07587884dfe849687fc5685c2b9539385b41358ffd1ba24879d2398df,modified-common,no,no,replace-with-pinned,
linux_port.c,c,6cea0eed1a36e74ab080f35ed6e32a2dbf427078600447a560d493dec74ddb7a,,current-only,yes,yes,retain-portability,Preserve Linux initial-count fix and macOS O_EXCL/immediate-unlink semaphore behavior.
linux_port.h,h,c12284defc546ad3995ac9cd3f23f40bc89c481433fcc9cdfba1a59f054fc7b2,,current-only,no,no,retain-portability,Preserve Linux initial-count fix and macOS O_EXCL/immediate-unlink semaphore behavior.
lmath.c,c,458cedecc49bd718ab3fc7df54fefd7e087ab97821da23b8295e41046a38d464,458cedecc49bd718ab3fc7df54fefd7e087ab97821da23b8295e41046a38d464,identical,yes,yes,use-pinned-verbatim,
lmath.h,h,3bd18fa2f836a4fc9cf47c17134db8d67e3b910d7f636341719a090839b5c04f,3bd18fa2f836a4fc9cf47c17134db8d67e3b910d7f636341719a090839b5c04f,identical,no,no,use-pinned-verbatim,
main.c,c,8875cc1676fd264756029bf6a2c08cce680b996cc9d1ee414657162d9262eb96,8875cc1676fd264756029bf6a2c08cce680b996cc9d1ee414657162d9262eb96,identical,yes,yes,use-pinned-verbatim,
main.h,h,0f4c77f0ec82b15f55e5a5b4c02f22f46697832bf73b5e88f9ebb9c4e280b640,0f4c77f0ec82b15f55e5a5b4c02f22f46697832bf73b5e88f9ebb9c4e280b640,identical,no,no,use-pinned-verbatim,
matchedCW.c,c,56a5dad8e2d5345a675c7ae3a23193ae8ce351c7b62e3425d61f6d205177e350,4d254cc46949488db53d85c66ddb79c2281709593f7aa1378156b695b4cf6273,modified-common,yes,yes,replace-with-pinned,
matchedCW.h,h,b1f9259c0bdd0bd1fe451682ab2a4536f663bad313ed54299ef10516f17f9947,9732f530818936e412d166f1da29b20be0a4f8fa798bcc12bbf305d11f85d78f,modified-common,no,no,replace-with-pinned,
meter.c,c,438e80c53579dbca4c3e967efe60210d1c3f734786006cdbf9e51986e07d940a,438e80c53579dbca4c3e967efe60210d1c3f734786006cdbf9e51986e07d940a,identical,yes,yes,use-pinned-verbatim,
meter.h,h,57af8fab36d750a4e7d0d1ad9ca0de49abcdcaaebdd646854dbbe202520cddaa,c3c9b7e127fc7224666b56e0545a35f06b7a6ae31b111993292b8ba22a7f1343,modified-common,no,no,replace-with-pinned,
meterlog10.c,c,52d38d1c62a8f0e2edcf4a958ee1f21850209784a8a53bfcc1f7f94658fd1e58,52d38d1c62a8f0e2edcf4a958ee1f21850209784a8a53bfcc1f7f94658fd1e58,identical,yes,yes,use-pinned-verbatim,
meterlog10.h,h,3a288e1c65a63f0927f7279ebbd81b82499442f8e4be282cd2412c2ef77398c8,3a288e1c65a63f0927f7279ebbd81b82499442f8e4be282cd2412c2ef77398c8,identical,no,no,use-pinned-verbatim,
nbp.c,c,8cff7e2105fc2f569b30b3b69e41f3aa0df5f326cc8906694ec05a0e98d6d928,1b01f357f60b63c2a0ba146ef4b73207ee613f67f93c40bcaadd22f7d2884009,modified-common,yes,yes,replace-with-pinned,
nbp.h,h,e9a142ed32b56c8ae350cea88bdb3a4796d271331d27163d7cc49fc642e1f6d5,df78c4b72fd47dd3d8e02d84a98b5a3b5f3b276264d8bd3da9c1dfe25fdf7368,modified-common,no,no,replace-with-pinned,
netinterface_stub.c,c,daee882bec620ab9d83a644f51d17eb3c8830be303313874324c3422749fe7c8,,current-only,yes,yes,retain-compat-glue,Still referenced by Nereus C++ call sites.
nnet.c,c,,0d8d1accf93f6923cadd5afc8fb2ee65b0be6047986f15982cf775b86842d370,pinned-only,no,yes,import-pinned,
nnet.h,h,,ba69dc4a6b01c5f584739f11c8349f2394df1995247269f1a2b83da969035a44,pinned-only,no,no,import-pinned,
nnet_profile.h,h,,c4359852cf5ed5a4cb4ba91f006d794eff705a04ed9f4492b2ce182f527ad311,pinned-only,no,no,import-pinned,
nnio.c,c,,f5dcdecabf856a3fdaf99b23f9ae68b9b5b9d3639a3cf2b0d274a7b6e8017ff0,pinned-only,no,yes,import-pinned,
nnio.h,h,,ba42427e9b61e86ffeb4a1a58087c6a8c503d341395a4807f1be5703a61af040,pinned-only,no,no,import-pinned,
nnr.c,c,,a7afabea92c0ed0d607503e6a0a5a4ae10936a437b008f393498da1737824325,pinned-only,no,yes,import-pinned,
nnr.h,h,,67dbcb82a21bf9ce1700ff3f7fb440583ae9289a319bb8165d92276240517e68,pinned-only,no,no,import-pinned,
nnr_model_0.c,c,,af9174a63cd0683efed03feb97d45419ca52a881943c25153299b02aed607a98,pinned-only,no,yes,import-pinned,
nnr_model_1.c,c,,62593d935c5a7b4970fac988b76aa28d038e97f7b56a48480a3be7346749a331,pinned-only,no,yes,import-pinned,
nob.c,c,d4db23d1716db4857680f0ce6763369c4fdb4020c36d80055959930572779671,d4db23d1716db4857680f0ce6763369c4fdb4020c36d80055959930572779671,identical,yes,yes,use-pinned-verbatim,
nob.h,h,ac69b3d9224c97cf62a9e09244f4a29603fcc1d948a6a38e9e29da86534bc08e,15f6086c76ddc1610fc19b48a0ae239d7529926e2802c79b29c50ab05b0c331e,modified-common,no,no,replace-with-pinned,
nobII.c,c,14e75312c39bec8ea7e99e4620c0e86678919f3b20faf79a10eb63158818f94d,14e75312c39bec8ea7e99e4620c0e86678919f3b20faf79a10eb63158818f94d,identical,yes,yes,use-pinned-verbatim,
nobII.h,h,9ec8686e073a20c6685026c74cc98460956d50284592a35496d00d0d75a16357,6d039fe2359a8f09216bffa19e4dbcfe8663f540f40a81979a1b39aa01bfecb5,modified-common,no,no,replace-with-pinned,
nurbs.c,c,,4fff1bd6b9fe473f75bd77e459f0a07e5871317291df2623e92b9f7851a5e8b6,pinned-only,no,yes,import-pinned,
nurbs.h,h,,6868019999c38acc9bf7e61ed552aaae7d8be3c1ab8b1e98adb64b4e5ae57e8d,pinned-only,no,no,import-pinned,
nurbs_fit.c,c,,269f0d80630b15368b763e558e2e25b06f86a36a981b90775d4bb9883c656e76,pinned-only,no,yes,import-pinned,
nurbs_fit.h,h,,8c03accc5f933220bc3c97bb5025439a7c6054a5d5a5c0a69c21b2d59ea45bd2,pinned-only,no,no,import-pinned,
nurbs_spline.c,c,,ad8eb65666778b363c313a8639e7cd082a88be49748e99c8dcbfac5d4f503434,pinned-only,no,yes,import-pinned,
nurbs_spline.h,h,,2f7a917ac774b5668ebbb9232c2b66ae0554f4113f1a0372cbe52a4f3521404e,pinned-only,no,no,import-pinned,
osctrl.c,c,49472a5eb50d52b5968ce31e75d90de2a4fa5a188c8b79164d5c36b72996a3c2,49472a5eb50d52b5968ce31e75d90de2a4fa5a188c8b79164d5c36b72996a3c2,identical,yes,yes,use-pinned-verbatim,
osctrl.h,h,b0ae285a06280f184b1b9c2d163336325a232200455dac8fd49716df7ddf14d9,b0ae285a06280f184b1b9c2d163336325a232200455dac8fd49716df7ddf14d9,identical,no,no,use-pinned-verbatim,
patchpanel.c,c,9821a6f330a594ef4e18c95e526df43b035e019391dfd248e84ab86a85780e13,92d271e9ff7586c56311cb775fa4dfd7c881652f5cd329224bd65754f490d6bd,modified-common,yes,yes,replace-with-pinned,
patchpanel.h,h,38c5d293a73c23bc866e5bf2431db5eb2144a470ae03b5eadd7326e4ce9747ef,e92363d86a2ce971052f962de04f241e5b569512b0e784d9014cbfdd77ad149e,modified-common,no,no,replace-with-pinned,
phrot.c,c,,2b5c0be78744f05a8efc799eb83aeae4acb1669dec0c38d9c03c701c901c613a,pinned-only,no,yes,import-pinned,
phrot.h,h,,a8c339858e51ea1e12a7841b07eb7dd6a5de45f9d9c1f8acd72e3bb76e7a067d,pinned-only,no,no,import-pinned,
ps_sync_stub.c,c,ec20c77dbdc655a441dee4d72a6033b465496c6fa009ffe5dc2d70662e720cc2,,current-only,yes,yes,retain-compat-glue,Still referenced by Nereus C++ call sites.
resample.c,c,e678db0b01a7343d51934b5ea3ee4577253bff3e09752d45223300753552eba3,e678db0b01a7343d51934b5ea3ee4577253bff3e09752d45223300753552eba3,identical,yes,yes,use-pinned-verbatim,
resample.h,h,5e1676ed08dc7c1afc899c6398187405ce6cda7b50bc085c315114bef896d5ad,041b08bc0a8c518006a8f050b36f4554e58d4fa32f48de8e83f8bc502c231d26,modified-common,no,no,replace-with-pinned,
reshb.c,c,,3cd128001a52c31c84151052e444fa956ea8d67b259e1fbb0424492bf988918c,pinned-only,no,yes,import-pinned,
reshb.h,h,,d6ee2a2894638a6d5baf2c5676013ee8981b2051cb4714e6d9e4625adb1ad631,pinned-only,no,no,import-pinned,
resource.h,h,f1e2c4f29181949666ae64954ef299685710c5a5e93c55ff8801cb9488459b7c,f1e2c4f29181949666ae64954ef299685710c5a5e93c55ff8801cb9488459b7c,identical,no,no,use-pinned-verbatim,
resource1.h,h,f1e2c4f29181949666ae64954ef299685710c5a5e93c55ff8801cb9488459b7c,f1e2c4f29181949666ae64954ef299685710c5a5e93c55ff8801cb9488459b7c,identical,no,no,use-pinned-verbatim,
rmatch.c,c,c23cd7fe7c5e0c8fa9060b5b8f4b77e57f66484e36b9b0e00ad674237184e66d,c23cd7fe7c5e0c8fa9060b5b8f4b77e57f66484e36b9b0e00ad674237184e66d,identical,yes,yes,use-pinned-verbatim,
rmatch.h,h,876e254e27e024ea46b2c3f1c83d0ca8674395a0bb160799cd79d5a2342d8dc3,f67a2c5f95911bb43dce830546b6daa307f89424e43b2e54a7bec123cb925abd,modified-common,no,no,replace-with-pinned,
rnnr.c,c,3ea027e442b94974c1171823d90e04ee9889f1cf0bf76840d33149e3d3e843f8,,current-only,yes,yes,retain-nr3-nr4,Preserve existing NR3/NR4 implementation and integrate RXA lifecycle/bandpass arbitration.
rnnr.h,h,c5efd1392d9d8ffb6999ce6e6fc3761bda72438decb36ecccb513e550e312ae3,,current-only,no,no,retain-nr3-nr4,Preserve existing NR3/NR4 implementation and integrate RXA lifecycle/bandpass arbitration.
RXA.c,c,d4f3b54ab4d5b22e3279453a1977c429ec65189a5d529e59a42f249fee551475,f9e035f33b8b40ac3ef6c2e89c1c287b4556d144cbd196bb63131b8a3b56325c,modified-common,yes,yes,merge-pinned-with-nr3-nr4,Start from pinned 2.10 and restore Nereus NR3/NR4 hooks.
RXA.h,h,953226068543dcf6659424712e510ba53d308d73ba6c4d760703c4464cef626b,163cd66dcdc34cafbd95694a3884e2ee37133949ba4ef9b9f2c515f29026f4d1,modified-common,no,no,merge-pinned-with-nr3-nr4,Start from pinned 2.10 and restore Nereus NR3/NR4 hooks.
sbnr.c,c,810f3245985bddd17f94b95e20bbe8544445812c986544b7d55856dffadf7b6d,,current-only,yes,yes,retain-nr3-nr4,Preserve existing NR3/NR4 implementation and integrate RXA lifecycle/bandpass arbitration.
sbnr.h,h,125dd98ad0c55a5f6e68772f05bb9b3827838d76da0ca52b8243f4f0b724cf7e,,current-only,no,no,retain-nr3-nr4,Preserve existing NR3/NR4 implementation and integrate RXA lifecycle/bandpass arbitration.
sender.c,c,ef15c12280b8ad7f56664fabf459f944394f12639f1248a3d1189e08bf6c119f,ef15c12280b8ad7f56664fabf459f944394f12639f1248a3d1189e08bf6c119f,identical,yes,yes,use-pinned-verbatim,
sender.h,h,a111d76ab9ca9d4b91f029dcbdbe935bfb43b3133cd28eb3789bc84f419220ef,7e2e8356ce96685f3a37471e390460c5c78300014af19fde181c68cce9e628c8,modified-common,no,no,replace-with-pinned,
shift.c,c,fafc454aa5b43d95c20a40043269d2e5d03128b54df277ba78d0494d81d85cb8,fafc454aa5b43d95c20a40043269d2e5d03128b54df277ba78d0494d81d85cb8,identical,yes,yes,use-pinned-verbatim,
shift.h,h,09114d7d5cc1fe3b9f44e82c198656b25ff04d4a3e966904b0f139f98fdb3c67,19d3fe57b4b916048b2e57cec20b291aa84f9b39e765a391824566f74c7e095c,modified-common,no,no,replace-with-pinned,
siphon.c,c,4da2809bd41f759fc6682d3f40065245cdad173e47461808affeaabff2ea3efb,4da2809bd41f759fc6682d3f40065245cdad173e47461808affeaabff2ea3efb,identical,yes,yes,use-pinned-verbatim,
siphon.h,h,a7163a3ac2ad732552e70e06ec465ac2da6951cdf929f0984afc0c9636016105,3b1bdf4a5d993e5ee7431e9579e33b89cb4d551d2798a5b50025830563fb0d24,modified-common,no,no,replace-with-pinned,
slew.c,c,5483b65a28c41297861c386104d3866e74b2495485f950d42c8c5e765096c3dd,5483b65a28c41297861c386104d3866e74b2495485f950d42c8c5e765096c3dd,identical,yes,yes,use-pinned-verbatim,
slew.h,h,ed398d874dd01b25b3c8572dcdfc6aad50a6af48d46a18a52ad598832c23bf3f,ed398d874dd01b25b3c8572dcdfc6aad50a6af48d46a18a52ad598832c23bf3f,identical,no,no,use-pinned-verbatim,
snb.c,c,42b1af5b6abd9878dc19b08e4f21da9e9bb2b202eae331e54a5f70722d3fa892,b162dc8e256a3d078ccee463da3658ab9c6633473d894c26e4e4824c2bda5ba9,modified-common,yes,yes,merge-pinned-with-nr3-nr4,Start from pinned 2.10 and restore Nereus NR3/NR4 hooks.
snb.h,h,d1341bbf48639b9ad4b91549010062c79ff596ce71b0cb5a876474348d60dac8,ff191531361763045eed9a18df70e5f096f1176b65b71270f8a632f0a6be66fe,modified-common,no,no,merge-pinned-with-nr3-nr4,Start from pinned 2.10 and restore Nereus NR3/NR4 hooks.
snoop.c,c,,ec058a3fd5ac8b4896e4effb76a2801e3f3b1cde23033d6cb7bbb51e9be87c3f,pinned-only,no,no,omit-dormant-debug,No public header; TXA declaration/call commented; invalid C11 implicit-int signature.
ssql.c,c,48c39b31290d039c8051cf7946bf615e9af25c458d26adf7432c9baa72a6009d,48c39b31290d039c8051cf7946bf615e9af25c458d26adf7432c9baa72a6009d,identical,yes,yes,use-pinned-verbatim,
ssql.h,h,81830b5dc705c2ea1a245227cbb797c3c61403598e1cf5aef4ce670791bb9245,81830b5dc705c2ea1a245227cbb797c3c61403598e1cf5aef4ce670791bb9245,identical,no,no,use-pinned-verbatim,
syncbuffs.c,c,46ef9c2ea4091970ccb11bc3af3d7a1151c042291fd1767c366d734770c4e550,46ef9c2ea4091970ccb11bc3af3d7a1151c042291fd1767c366d734770c4e550,identical,yes,yes,use-pinned-verbatim,
syncbuffs.h,h,93857d0e7ac8aa1496de18383eb235e4db2266b3a3ef3317dd2052e559eb2366,93857d0e7ac8aa1496de18383eb235e4db2266b3a3ef3317dd2052e559eb2366,identical,no,no,use-pinned-verbatim,
TXA.c,c,6d2c9491846f0ba14de2bc16598524bb36ebcb6c72e016f930c60882eb902532,3274590454c2da3d00ac3925f1ffb0de3b97a191681293d136e74ec93d8d5aa2,modified-common,yes,yes,replace-with-pinned,
TXA.h,h,33eafbe7f1038583ad64175bd235ab7eefb7d5d87a8bd2c50b2024bee471cd09,707dc16f4f6eeca80f0578fccc156fffa7af7090da48013e8e188dd95dcb7c32,modified-common,no,no,replace-with-pinned,
txgain_stub.c,c,218458cb6a250c6423be79391895e12683c29c5da460bf16e6b994a0b3a9e0eb,,current-only,yes,yes,retain-compat-glue,Still referenced by Nereus C++ call sites.
utilities.c,c,defca346735d748d244e727efe2f85e104e1da1247b57ad1aed76510efd4e6e3,e31a554584d79c1746b80929a4fecd3dffcf274126e2a8c72e421a920d3f3283,modified-common,yes,yes,replace-with-pinned,
utilities.h,h,eaabccb7b1d621a9e6f9c80d2715b4fbc79997b264c537a0f66b168ad299ab48,d82cd6e3c2cfbbaa42a2e939aaad93828e751adaf93d376bfcdaaa89aa643c49,modified-common,no,no,replace-with-pinned,
varsamp.c,c,10b4bde3e71bc6b36047f6bf318cfc8bcbdcfbba9d983679a42ff6118ee94213,10b4bde3e71bc6b36047f6bf318cfc8bcbdcfbba9d983679a42ff6118ee94213,identical,yes,yes,use-pinned-verbatim,
varsamp.h,h,a252eec7bd8ed4dddb81a028d9d0813d1f178fa03a94d4aa7b220797d5ec5f6e,a252eec7bd8ed4dddb81a028d9d0813d1f178fa03a94d4aa7b220797d5ec5f6e,identical,no,no,use-pinned-verbatim,
version.c,c,b291d627c96d0933e832db52aeb6cf12e625ad24d9277bc2347231a5b4271981,1480d9ece112405a5da6a9e71b759389b335e55be4698cb9e60a9473eccf0c1c,modified-common,yes,yes,replace-with-pinned,
version.h,h,51887fde340df867ce8659a305dbb082bb60cf5b721193189bd1880809cfa8de,7878524c57a57d4304191d1fbc64fc1227e2db831e311a75d3b2a2904b32564b,modified-common,no,no,replace-with-pinned,
wbfm.c,c,,d4a56bccd901e44931eb5a99a11582418cacd006283e2266faff9c352eb66fcb,pinned-only,no,yes,import-pinned,
wbfm.h,h,,65b79294f1180108de340bb5219a64fe938cc7f671aba880bcbfda863b0a8db7,pinned-only,no,no,import-pinned,
wcpAGC.c,c,6714988c7f27f4b278405bcad9e4448ccc680e998f934cc89c8d65181f920964,6714988c7f27f4b278405bcad9e4448ccc680e998f934cc89c8d65181f920964,identical,yes,yes,use-pinned-verbatim,
wcpAGC.h,h,a762c25fa396fd7e5f4bbea18cd8edf9606e8a9d311cabdbfd2cdcacfd620b32,70eb1a58e4d866884544f3315540764e2820bda1507d173d5402789cfe99a006,modified-common,no,no,replace-with-pinned,
wdsp.h,h,,3dde5a9bfafe7e87f76684eeaab7da22fd5d421c08a8a725b0e2ec3cbd5416af,pinned-only,no,no,api-reference-only,Upstream export catalogue; Nereus uses wdsp_api.h as host-facing ABI.
wisdom.c,c,8624dedf309d5b0d6fdeb9cb44ad61451bc6d80744b485568291a08e34c09738,9e289cbde1d9bcac0518f8f97d4967c9d7ccfa4f56b60a2608f69aec17ad92fb,modified-common,yes,yes,replace-with-pinned,
zetaHat.c,c,40433da911f1a081a6e0cd1261f28e5e45c359c169be2b045d4bba0ff088b002,40433da911f1a081a6e0cd1261f28e5e45c359c169be2b045d4bba0ff088b002,identical,yes,yes,use-pinned-verbatim,
zetaHat.h,h,87847f2f27a93b63cf5b64a2e141db63132428e0941d665eee830ec093cdc6c1,87847f2f27a93b63cf5b64a2e141db63132428e0941d665eee830ec093cdc6c1,identical,no,no,use-pinned-verbatim,
